{
  "codename": "ws_news_module",
  "version": "1.0.0",
  "name": "news module",
  "description": "A news module",
  "index": "extension/module/ws_news_module",
  "author": {
    "name": "Dreamvention",
    "email": "info@dreamvention.com",
    "url": "https://dreamvention.com/"
  },
  "opencart_version": [
    "2.0.1.0",
    "2.0.1.1",
    "2.0.2.0",
    "2.0.3.1",
    "2.1.0.1",
    "2.1.0.2",
    "2.2.0.0",
    "2.3.0.0",
    "2.3.0.1",
    "2.3.0.2",
    "3.0.0.0",
    "3.0.1.1",
    "3.0.1.2",
    "3.0.2.0"
  ],
  "type": "module",
  "license": {
    "type": "free",
    "url": "https://shopunity.net/licenses/free"
  },
  "install": {
    "url": "extension/extension/module/install&extension=ws_news_module"
  },
  "uninstall": {
    "url": "extension/extension/module/uninstall&extension=ws_news_module"
  },
  "support": {
    "email": "support@dreamvention.com",
    "url": "https://dreamvention.ee/support"
  },
  "required": {
    "d_opencart_patch": ">= 1.0.0",
    "d_event_manager": ">=1.1.0",
    "d_twig_manager": ">= 1.5.5",
    "d_simple_html_dom": ">= 1.0.3",
    "d_bootstrap_rating": ">= 1.0.0",
    "d_fileinput": ">= 1.0.0",
    "d_bootstrap_bootbox": ">= 4.4.0",
    "d_bootstrap_switch": ">= 3.3.3",
    "d_tinysort": ">= 2.3.6",
    "d_rubaxa_sortable": ">= 1.4.0",
    "d_bootstrap_colorpicker": ">= 2.5.0",
    "d_twig_partial": ">=1.0.0"
  },
  "files": [
    "system/library/ws_shopunity/extension/ws_news_module.json",
    "system/config/ws_news_module.php",

    "admin/controller/extension/module/ws_news_module.php",
    "admin/controller/extension/event/ws_news_module.php",
    "admin/language/en-gb/extension/event/ws_news_module.php",
    "admin/model/extension/module/ws_news_module.php",
    "admin/language/en-gb/extension/module/ws_news_module.php",
    "admin/view/template/extension/module/ws_news_module.twig",
    "admin/view/template/extension/event/ws_news_module.twig",

    "catalog/model/extension/module/ws_news_module.php",
    "catalog/controller/extension/event/ws_news_module.php",
    "catalog/language/en-gb/extension/event/ws_news_module.php",
    "image/catalog/ws_news_module/no_profile_image.png",
    "image/catalog/ws_news_module/review/index.html",

    "system/config/ws_visual_designer_route/ws_news_module_category.php",
    "system/config/ws_visual_designer_route/ws_news_module_post.php",
    "system/config/ws_visual_designer_route/ws_news_module_author.php",

    "system/config/ws_news_module_layout/grid.php",
    "system/config/ws_news_module_demo/ws_news_module.php",
    "system/config/ws_news_module_demo/ws_news_module.sql",

    "catalog/view/theme/default/template/ws_news_module/author.twig",
    "catalog/view/theme/default/template/ws_news_module/category.twig",
    "catalog/view/theme/default/template/ws_news_module/layout_grid.twig",
    "catalog/view/theme/default/template/ws_news_module/post.twig",
    "catalog/view/theme/default/template/ws_news_module/post_thumb.twig",
    "catalog/view/theme/default/template/ws_news_module/review.twig",
    "catalog/view/theme/default/template/ws_news_module/review_thumb.twig",
    "catalog/view/theme/default/template/ws_news_module/search.twig",

    "catalog/view/theme/default/javascript/ws_news_module/author.js",
    "catalog/view/theme/default/javascript/ws_news_module/category.js",
    "catalog/view/theme/default/javascript/ws_news_module/main.js",
    "catalog/view/theme/default/javascript/ws_news_module/post.js",
    "catalog/view/theme/default/javascript/ws_news_module/review.js",
    "catalog/view/theme/default/stylesheet/ws_news_module/animate.css",
    "catalog/view/theme/default/stylesheet/ws_news_module/ws_news_module.scss",
    "catalog/view/theme/default/stylesheet/ws_news_module/ws_news_module.css.map",
    "catalog/view/theme/default/stylesheet/ws_news_module/ws_news_module.css",
    "catalog/view/theme/default/stylesheet/ws_news_module/bootstrap.scss",
    "catalog/view/theme/default/stylesheet/ws_news_module/bootstrap.css.map",
    "catalog/view/theme/default/stylesheet/ws_news_module/bootstrap.css",
    "catalog/view/theme/default/stylesheet/ws_news_module/theme/default.scss",
    "catalog/view/theme/default/stylesheet/ws_news_module/theme/default.css.map",
    "catalog/view/theme/default/stylesheet/ws_news_module/theme/default.css"
  ],
  "dirs":[
    "admin/controller/extension/ws_news_module",
    "admin/model/extension/ws_news_module",
    "admin/language/en-gb/extension/ws_news_module",
    "admin/view/template/extension/ws_news_module",
    "admin/view/image/ws_news_module",

    "catalog/controller/extension/ws_news_module",
    "catalog/model/extension/ws_news_module",
    "catalog/language/en-gb/extension/ws_news_module",

    "image/catalog/ws_news_module/category",
    "image/catalog/ws_news_module/post"
  ],
  "changelog": [
    {
      "version":"3.0.9",
      "change": "Bug fix of category link in post."
    },
    {
      "version":"3.0.8",
      "change": "add function getAuthor() and bug fix."
    },
    {
      "version":"3.0.7",
      "change": "short_description in category, multy languages tags in post and bug fix."
    },
    {
      "version":"3.0.6",
      "change": "ws_shopunity bug fix."
    },
    {
      "version":"3.0.5",
      "change": "Fix permission issue"
    },
    {
      "version":"3.0.4",
      "change": "1. Fix demo data installation."
    },
    {
      "version":"3.0.3",
      "change": "1. Fix Author form."
    },
    {
      "version":"3.0.2",
      "change": "1. Fix for Social Login module. 2. Fix image manager in admin panel."
    },
    {
      "version":"3.0.1",
      "change": "Fix demo data and saving settings"
    },
    {
      "version":"3.0.0",
      "change": "Initial commit."
    }
  ]
}